name,category,subcategory,imgSrc,price
"Dragon of Illumination, Sanctuary's Shield(2025-EN004)",遊戯王,UR,https://s3-ap-northeast-1.amazonaws.com/s3.peraichi.com/userData/577d7af7-4e20-4459-b45d-21ac0a00005c/img/302fadd0-364c-013e-50ab-0a58a9feac02/Dragon%20of%20Illumination.jpg,1000000
"Dragon of Illumination, Sanctuary's Shield(2025-EN004)",遊戯王,未開封カード,https://s3-ap-northeast-1.amazonaws.com/s3.peraichi.com/userData/577d7af7-4e20-4459-b45d-21ac0a00005c/img/3030f3c0-364c-013e-50ac-0a58a9feac02/Dragon%20of%20Illumination(%E6%9C%AA%E9%96%8B%E5%B0%81).jpg,1000000
AmatsuOkamioftheDivinePeaks(2019-EN003),遊戯王,未開封カード,,1000000
Black・Magician,遊戯王,プロモ,https://cdn.peraichi.com/userData/577d7af7-4e20-4459-b45d-21ac0a00005c/img/7841c180-2b31-013e-8430-0a58a9feac02/Black%20Magician.png,1000000
Blueeyes・White・Dragon(AC02-JP000),遊戯王,PSE,,1000000
Blueeyes・White・Dragon(DDS-001),遊戯王,SE,https://s3-ap-northeast-1.amazonaws.com/s3.peraichi.com/userData/577d7af7-4e20-4459-b45d-21ac0a00005c/img/70ea0840-3648-013e-47ce-0a58a9feac02/DDS.jpg,1000000
Blueeyes・White・Dragon(懸賞),遊戯王,UR,,1000000
DoomcaliberKnight(2024-ENP01),遊戯王,未開封カード,,1000000
ElttaestheMASTERofDUELS(2025-EN003),遊戯王,未開封カード,,1000000
EvilTwinキスキル(SLF1-JP079),遊戯王,PSE,,1000000
GatebridgeotheWaterfrontWarbeast(2024-EN003),遊戯王,未開封カード,,1000000
IPマスカレーナ(CHIM-JP049),遊戯王,20th,,1000000
IPマスカレーナ(PAC1-JP034),遊戯王,PSE,,1000000
IPマスカレーナ(QCAC-JP069),遊戯王,25th,,1000000
IPマスカレーナ(QCCU-JP191),遊戯王,25th,,1000000
KaiserEagletheHeavens'Mandate(2020-EN004),遊戯王,未開封カード,,1000000
M∀LICEPMarchHare(ALIN-JP023),遊戯王,25th,,1000000
M∀LICEPWhiteRabbit(DBCB-JP015),遊戯王,25th,,1000000
MasterfulMagicianServantoftheSanctuary,遊戯王,未開封カード,,1000000
side:PRIDEスペシャルカードセット,遊戯王,25th,,1000000
side:PRIDEスペシャルカードセット(トークン付き),遊戯王,25th,,1000000
side:UNITYスペシャルカードセット,遊戯王,25th,,1000000
side:UNITYスペシャルカードセット(トークン付き),遊戯王,25th,,1000000
Worldchampionship2017(封筒セット),遊戯王,未開封カード,https://s3-ap-northeast-1.amazonaws.com/s3.peraichi.com/userData/577d7af7-4e20-4459-b45d-21ac0a00005c/img/7107f8c0-3648-013e-47d2-0a58a9feac02/2017%E5%B0%81%E7%AD%92.jpg,1000000
Worldchampionship2018(封筒セット),遊戯王,未開封カード,https://s3-ap-northeast-1.amazonaws.com/s3.peraichi.com/userData/577d7af7-4e20-4459-b45d-21ac0a00005c/img/70ea83d0-3648-013e-47d0-0a58a9feac02/2018%E5%B0%81%E7%AD%92.jpg,1000000
Worldchampionship2019(封筒セット),遊戯王,未開封カード,https://s3-ap-northeast-1.amazonaws.com/s3.peraichi.com/userData/577d7af7-4e20-4459-b45d-21ac0a00005c/img/70e67330-3648-013e-47cb-0a58a9feac02/2019%E5%B0%81%E7%AD%92.jpg,1000000
Worldchampionship2023(封筒セット),遊戯王,未開封カード,,1000000
アクセスコードトーカー(ETCO-JP046),遊戯王,20th,https://s3-ap-northeast-1.amazonaws.com/s3.peraichi.com/userData/577d7af7-4e20-4459-b45d-21ac0a00005c/img/677ef9f0-3648-013e-e6c4-0a58a9feac02/%E3%82%A2%E3%82%AF%E3%82%BB%E3%82%B9.jpg,1000000
ヴァレルソードドラゴン(CYHO-JP034),遊戯王,20th,,1000000
エビルナイト・ドラゴン,遊戯王,UR,,1000000
エフェクトヴェーラー(封筒付き),遊戯王,未開封カード,,1000000
エルシャドールウェンディゴ(SECE-JP047),遊戯王,アジアSE,,1000000
エルシャドールネフィリム(DUEA-JA049),遊戯王,アジアSE,,1000000
お注射天使リリー(24YA-JP002),遊戯王,未開封カード,,1000000
カオスソルジャー(PSEC-JP004),遊戯王,未開封カード,,1000000
カオスソルジャー(PSEC-JP004),遊戯王,PSE,,1000000
カオスソルジャー(PSEC-JP004/当選通知書付),遊戯王,未開封カード,,1000000
カオスソルジャー(通常),遊戯王,UR,,1000000
カオスソルジャー(通常),遊戯王,未開封カード,,1000000
カオスソルジャー開闢の使者(20CP-JPT03),遊戯王,20th,,1000000
ガガガガール(DUAD-JPS01),遊戯王,PSE,https://s3-ap-northeast-1.amazonaws.com/s3.peraichi.com/userData/577d7af7-4e20-4459-b45d-21ac0a00005c/img/677c95e0-3648-013e-e6c2-0a58a9feac02/gagaga-ru.jpg,1000000
ゲートガーディアン(初期),遊戯王,UR,https://s3-ap-northeast-1.amazonaws.com/s3.peraichi.com/userData/577d7af7-4e20-4459-b45d-21ac0a00005c/img/679e8fa0-3648-013e-47ca-0a58a9feac02/%E3%82%B2%E3%83%BC%E3%83%88.jpg,1000000
サイバードラゴン(20CP-JPT04),遊戯王,20th,,1000000
サイレントマジシャンLV8(AC04-JP000),遊戯王,25th,,1000000
サンダーボルト(QCCU-JP194),遊戯王,25th,,1000000
ヂェミナイエルフ(24YA-JP001),遊戯王,PSE,,1000000
ティアラメンツシェイレーン(POTE-JP014),遊戯王,PSE,,1000000
トライホーンドラゴン(初期),遊戯王,UR,,1000000
ブラック・マジシャン,遊戯王,ステンレス製,,1000000
ブラック・マジシャン(2018-JPP02),遊戯王,20th,,1000000
ブラック・マジシャン(25TH-JP001),遊戯王,未開封カード,,1000000
ブラック・マジシャン(PSEC-JP002),遊戯王,PSE,,1000000
ブラック・マジシャン(TD01-JP001),遊戯王,未開封カード,,1000000
ブラック・マジシャン(TD01-JP001/封筒付),遊戯王,未開封カード,,1000000
ブラック・マジシャン・ガール,遊戯王,ステンレス製,,1000000
ブラック・マジシャン・ガール(2017-JPP01),遊戯王,HR,,1000000
ブラック・マジシャン・ガール(2017-JPP01),遊戯王,未開封カード,,1000000
ブラック・マジシャン・ガール(20TH-JPC55),遊戯王,20th,,1000000
ブラック・マジシャン・ガール(DMMD-JP001),遊戯王,20th,,1000000
ブラック・マジシャン・ガール(DMMD-JP001),遊戯王,未開封カード,,1000000
ブラック・マジシャン・ガール(DP23-JP000),遊戯王,HR,,1000000
ブラック・マジシャン・ガール(G3-11/R),遊戯王,レア,https://s3-ap-northeast-1.amazonaws.com/s3.peraichi.com/userData/577d7af7-4e20-4459-b45d-21ac0a00005c/img/568fe940-3648-013e-e6ba-0a58a9feac02/%E5%AD%97%E3%83%AC%E3%82%A2%E3%82%AC%E3%83%BC%E3%83%AB.jpg,1000000
ブラック・マジシャン・ガール(G3-11/SEC),遊戯王,SE,https://s3-ap-northeast-1.amazonaws.com/s3.peraichi.com/userData/577d7af7-4e20-4459-b45d-21ac0a00005c/img/568dccd0-3648-013e-e6b5-0a58a9feac02/%E3%82%B7%E3%82%AF%E3%82%AC%E3%83%BC%E3%83%AB.jpg,1000000
ブラック・マジシャン・ガール(QCAC-JP019),遊戯王,25th,,1000000
ブラック・マジシャン・ガール(QCCU-JP002),遊戯王,25th,,1000000
ブラック・マジシャン・ガール(QCCU-JP002),遊戯王,25th,,1000000
ブラック・マジシャン・ガール(QCDB-JP008),遊戯王,25th,,1000000
マジシャンオブブラックカオス(初期),遊戯王,UR,https://s3-ap-northeast-1.amazonaws.com/s3.peraichi.com/userData/577d7af7-4e20-4459-b45d-21ac0a00005c/img/56adbcc0-3648-013e-e6bc-0a58a9feac02/%E3%83%96%E3%83%A9%E3%83%83%E3%82%AF%E3%82%AB%E3%82%AA%E3%82%B9.jpg,1000000
メタルデビルゾア(初期),遊戯王,SE,,1000000
レッドアイズブラックメタルドラゴン(初期),遊戯王,SE,,1000000
暗黒騎士ガイア,遊戯王,ステンレス製,,1000000
暗黒騎士ガイア(23YA-JP001),遊戯王,未開封カード,,1000000
暗黒騎士ガイア(SBPR-JP009),遊戯王,未開封カード,,1000000
影霊衣の舞巫女エミリア(TW02-JP073),遊戯王,25th,,1000000
灰流うらら(20TH-JPC85),遊戯王,20th,,1000000
灰流うらら(PAC1-JP016),遊戯王,PSE,https://s3-ap-northeast-1.amazonaws.com/s3.peraichi.com/userData/577d7af7-4e20-4459-b45d-21ac0a00005c/img/677f6950-3648-013e-e6c5-0a58a9feac02/%E3%81%86%E3%82%89%E3%82%89(PSE).jpg,1000000
灰流うらら(PAC1-JP016)Btype,遊戯王,PSE,,1000000
灰流うらら(QCAC-JP050),遊戯王,25th,,1000000
灰流うらら(RC04-JP009),遊戯王,25th,,1000000
赫の聖女カルテシア(DABL-JP011),遊戯王,PSE,,1000000
究極完全態・グレートモス(初期),遊戯王,SE,,1000000
強欲な壺(TBC1-JP001),遊戯王,未開封カード,,1000000
銀河眼の光子竜(20CP-JPT07),遊戯王,20th,,1000000
倶利伽羅天童(POTE-JP031),遊戯王,PSE,,1000000
結束と絆の超魔導剣士(SUDA-JP000),遊戯王,25th,,1000000
結束と絆の魔導師(AGOV-JP000),遊戯王,25th,,1000000
結束と絆の魔導師(LEDE-JP000),遊戯王,25th,,1000000
結束と絆の魔導師(PHNI-JP000),遊戯王,25th,,1000000
幻惑の見習い魔術師(LEDE-JP029),遊戯王,25th,,1000000
誇りと魂の龍(INFO-JP000),遊戯王,25th,,1000000
御巫奉サナキ(TTP1-JP057),遊戯王,25th,,1000000
光なき影アバオ・ア・クゥー(SUDA-JP049),遊戯王,25th,,1000000
光の護封剣(SBPR-JP008),遊戯王,未開封カード,,1000000
光の創造神ホルアクティ,遊戯王,UR,,1000000
光の創造神ホルアクティ(台紙付き),遊戯王,未開封カード,https://s3-ap-northeast-1.amazonaws.com/s3.peraichi.com/userData/577d7af7-4e20-4459-b45d-21ac0a00005c/img/568b3a90-3648-013e-e6b4-0a58a9feac02/%E3%83%9B%E3%83%AB%E3%82%A2%E3%82%AF%E3%83%86%E3%82%A3%EF%BC%88%E5%8F%B0%E7%B4%99%E4%BB%98%E3%81%8D%EF%BC%89.jpg,1000000
光の創造神ホルアクティ,遊戯王,未開封カード,,1000000
黒魔女ディアベルスター(AGOV-JP006),遊戯王,25th,,1000000
黒魔女ディアベルスター(QCAC-JP012),遊戯王,25th,,1000000
黒魔道士(懸賞),遊戯王,UR,https://s3-ap-northeast-1.amazonaws.com/s3.peraichi.com/userData/577d7af7-4e20-4459-b45d-21ac0a00005c/img/56ae5c80-3648-013e-e6bd-0a58a9feac02/%E9%BB%92%E9%AD%94%E9%81%93%E5%A3%AB.jpg,1000000
朔夜しぐれ(ETCO-JP036),遊戯王,20th,https://s3-ap-northeast-1.amazonaws.com/s3.peraichi.com/userData/577d7af7-4e20-4459-b45d-21ac0a00005c/img/568ea960-3648-013e-e6b9-0a58a9feac02/%E3%81%95%E3%82%88%E3%81%97%E3%81%90%E3%82%8C(20th).jpg,1000000
死のデッキ破壊ウイルス(初期),遊戯王,UR,,1000000
死者蘇生(2017-JPP03),遊戯王,未開封カード,,1000000
賜炎の咎姫(PHNI-JP052),遊戯王,25th,,1000000
灼熱の火霊使いヒータ(QCCU-JP187),遊戯王,25th,,1000000
灼熱の火霊使いヒータ(SAST-JP056),遊戯王,20th,,1000000
守護神官マナ(20TH-JPC03),遊戯王,20th,,1000000
守護天使ジャンヌ(SBPR-JP006),遊戯王,未開封カード,,1000000
女剣士カナン(初期),遊戯王,UR,https://s3-ap-northeast-1.amazonaws.com/s3.peraichi.com/userData/577d7af7-4e20-4459-b45d-21ac0a00005c/img/677dd890-3648-013e-e6c3-0a58a9feac02/%E3%82%AB%E3%83%8A%E3%83%B3%EF%BC%88UR%EF%BC%89.jpg,1000000
女剣士カナン(初期ウルトラSE),遊戯王,ウルシク,,1000000
召命の神弓アポロウーサ(RIRA-JP048),遊戯王,20th,,1000000
照耀の光霊使いライナ(LIOV-JP049),遊戯王,PSE,,1000000
森の番人グリーンバブーン(VJC-JP014),遊戯王,UR,,1000000
真紅眼の黒竜(20CP-JPS03),遊戯王,20th,,1000000
真紅眼の黒竜(PSEC-JP003),遊戯王,未開封カード,,1000000
真紅眼の黒竜(PSEC-JP003/当選通知書付),遊戯王,未開封カード,,1000000
真紅眼の黒竜(QCCP-JP108),遊戯王,25th,,1000000
神芸学徒ファインメルト(DUAD-JP009),遊戯王,PSE,,1000000
星辰砲手ファイメナ(DBJH-JP002),遊戯王,PSE,,1000000
清冽の水霊使いエリア(ETCO-JP055),遊戯王,20th,,1000000
清冽の水霊使いエリア(QCCP-JP190),遊戯王,25th,,1000000
精霊獣使いレラ(TW01-JP122),遊戯王,25th,,1000000
聖なる魔術師(25YA-JP001),遊戯王,未開封カード,,1000000
青眼の亜白龍(2017-JPP02),遊戯王,未開封カード,,1000000
青眼の亜白龍(SBPR-JP003),遊戯王,未開封カード,,1000000
青眼の亜白龍(SBPR-JP003/当選通知書付),遊戯王,未開封カード,,1000000
青眼の究極霊竜(SD47-JPP06),遊戯王,25th,,1000000
青眼の精霊龍(SHVI-JP052),遊戯王,アジアSE,,1000000
青眼の白龍(2018-JPP01),遊戯王,未開封カード,,1000000
青眼の白龍(2018-JPP01),遊戯王,20th,,1000000
青眼の白龍(NYC1-JP001),遊戯王,未開封カード,,1000000
青眼の白龍(PSEC-JP001),遊戯王,PSE,,1000000
青眼の白龍(PSEC-JP001),遊戯王,未開封カード,,1000000
青眼の白龍(QCAC-JP021),遊戯王,25th,,1000000
青眼の白龍(QCCP-JP001),遊戯王,25th,,1000000
青眼の白龍(TD02-JP001),遊戯王,25th,,1000000
青眼の白龍(TD02-JP001/封筒付),遊戯王,未開封カード,,1000000
青眼の白龍(初期),遊戯王,SE,https://s3-ap-northeast-1.amazonaws.com/s3.peraichi.com/userData/577d7af7-4e20-4459-b45d-21ac0a00005c/img/568e1a10-3648-013e-e6b6-0a58a9feac02/%E3%82%B7%E3%82%AF%E3%83%96%E3%83%AB.jpg,1000000
青眼の白龍(青艶),遊戯王,UL,,1000000
千年原人(初期),遊戯王,UR,,1000000
閃刀亜式レムニスゲート(DUAD-JP069),遊戯王,PSE,,1000000
閃刀起動リンケージ(ULSP-JP001),遊戯王,PSE,,1000000
閃刀姫アザレア,遊戯王,SPECIAL RED,,1000000
閃刀姫カイナ(SAST-JP055),遊戯王,20th,,1000000
閃刀姫シズク(20CP-JPT10),遊戯王,20th,,1000000
閃刀姫シズク(SLF1-JP039),遊戯王,PSE,,1000000
閃刀姫ゼロ(DUAD-JP049),遊戯王,PSE,,1000000
閃刀姫ハヤテ(QCAC-JP009),遊戯王,25th,,1000000
閃刀姫レイ(20CP-JPC02),遊戯王,20th,,1000000
閃刀姫レイ(23PP-JP020),遊戯王,SPECIAL RED,,1000000
閃刀姫レイ(QCAC-JP008),遊戯王,25th,,1000000
閃刀姫ロゼ(24PP-JP020),遊戯王,SPECIAL RED,,1000000
双穹の騎士アストラム(DANE-JP047),遊戯王,20th,,1000000
蒼翠の風霊使いウィン,遊戯王,20th,,1000000
蒼翠の風霊使いウィン(QCCU-JP188),遊戯王,25th,,1000000
増殖するG(20TH-JPC82),遊戯王,20th,,1000000
増殖するG(RC04-JP005),遊戯王,25th,,1000000
超魔導竜騎士ドラグーンオブレッドアイズ(LGB1-JP001),遊戯王,20th,,1000000
超雷龍サンダードラゴン(SOFU-JP036),遊戯王,20th,,1000000
天魔の聲選姫(LEDE-JP022),遊戯王,25th,,1000000
破壊竜ガンドラ,遊戯王,ステンレス製,,1000000
白き森の聖徒リゼット(SUDA-JP008),遊戯王,25th,,1000000
白の聖女エクレシア(BODE-JP007),遊戯王,PSE,,1000000
白の聖女エクレシア(CF01-JPS02),遊戯王,25th,,1000000
封印されしエクゾディア(初期),遊戯王,UR,,1000000
封印されし者の右足(初期),遊戯王,UR,,1000000
封印されし者の右腕(初期),遊戯王,UR,,1000000
封印されし者の左足(初期),遊戯王,UR,,1000000
封印されし者の左腕(初期),遊戯王,UR,,1000000
閉ザサレシ天ノ月(25PP-JP029),遊戯王,SPECIAL RED,,1000000
魔術師の弟子ブラックマジシャンガール(ALIN-JP004),遊戯王,25th,,1000000
万物創世龍,遊戯王,10000SEC,,1000000
迷宮城の白銀姫(DABL-JP030),遊戯王,PSE,,1000000
迷宮城の白銀姫(QCAC-JP011),遊戯王,25th,,1000000
厄災の星ティフォン(AGOV-JP042),遊戯王,25th,,1000000
雷神龍サンダードラゴン(SOFU-JP037),遊戯王,20th,,1000000
藍眼白龍(懸賞),遊戯王,UR,https://s3-ap-northeast-1.amazonaws.com/s3.peraichi.com/userData/577d7af7-4e20-4459-b45d-21ac0a00005c/img/568e7b60-3648-013e-e6b8-0a58a9feac02/%E8%97%8D%E7%9C%BC%E7%99%BD%E9%BE%8D.png,1000000
崔嵬の地霊使いアウス(IGAS-JP048),遊戯王,20th,,1000000
20周年記念 ピカチュウ純金製カード,ポケカ,プロモ,https://cdn.peraichi.com/userData/577d7af7-4e20-4459-b45d-21ac0a00005c/img/6160c3f0-2b85-013e-872b-0a58a9feac02/jyunkmin.png,5000000
MサチコEX(298/XY-P),ポケカ,プロモ,https://cdn.peraichi.com/userData/577d7af7-4e20-4459-b45d-21ac0a00005c/img/b4bfb3a0-2b2e-013e-4c6f-0a58a9feac02/032353_P_MSACHIKOEX.jpg,1500000
N(180/171),ポケカ,SR,https://cdn.peraichi.com/userData/577d7af7-4e20-4459-b45d-21ac0a00005c/img/97bc38b0-2b59-013e-110e-0a58a9feac02/035881_T_.jpg,170000
N(180/171)PSA,ポケカ,PSA鑑定品,https://cdn.peraichi.com/userData/577d7af7-4e20-4459-b45d-21ac0a00005c/img/52e782a0-318e-013e-6f08-0a58a9feac02/N.jpg,260000
Pikachu with Grey Felt Hat(085/SV-P),ポケカ,プロモ,https://cdn.peraichi.com/userData/577d7af7-4e20-4459-b45d-21ac0a00005c/img/1738a700-2a6d-013e-45db-0a58a9feac02/20231010_701f57.jpg,48000
アセロラ(056/049),ポケカ,SR,https://cdn.peraichi.com/userData/577d7af7-4e20-4459-b45d-21ac0a00005c/img/b4c21670-2b2e-013e-4c70-0a58a9feac02/035646_T_ASERORA.jpg,400000
アセロラ(395/SM-P),ポケカ,プロモ,https://cdn.peraichi.com/userData/577d7af7-4e20-4459-b45d-21ac0a00005c/img/b4bf2000-2b2e-013e-4c6e-0a58a9feac02/037191_T_ASERORA.jpg,1400000
アセロラ(395/SM-P)PSA,ポケカ,PSA鑑定品,https://cdn.peraichi.com/userData/577d7af7-4e20-4459-b45d-21ac0a00005c/img/52e3e440-318e-013e-6f02-0a58a9feac02/original.jpg,2000000
アセロラの予感(255/184),ポケカ,SR,https://cdn.peraichi.com/userData/577d7af7-4e20-4459-b45d-21ac0a00005c/img/b4bdd660-2b2e-013e-4c6b-0a58a9feac02/041083_T_ASERORANOYOKAN.jpg,7500
アルセウス&ディアルガ&パルキア【SA】(100/095),ポケカ,SR,https://cdn.peraichi.com/userData/577d7af7-4e20-4459-b45d-21ac0a00005c/img/97db17b0-2b59-013e-1112-0a58a9feac02/037382_P_ARUSEUSUDEIARUGAPARUKIAGX.jpg,45000
アローラの仲間たち(401/SM-P),ポケカ,プロモ,https://cdn.peraichi.com/userData/577d7af7-4e20-4459-b45d-21ac0a00005c/img/c0284270-2b2e-013e-4c73-0a58a9feac02/037440_T_ARORANONAKAMATACHI.jpg,260000
イーブイGX【SA】(188/173),ポケカ,SR,https://cdn.peraichi.com/userData/577d7af7-4e20-4459-b45d-21ac0a00005c/img/86a2fb80-2b59-013e-1105-0a58a9feac02/037456_P_IBUIGX.jpg,26000
エーフィVMAX【SA】(189/S-P),ポケカ,プロモ,https://cdn.peraichi.com/userData/577d7af7-4e20-4459-b45d-21ac0a00005c/img/97bd2420-2b59-013e-1110-0a58a9feac02/039913_P_EFIVMAX.jpg,25000
オカルトマニア(181/171),ポケカ,SR,https://cdn.peraichi.com/userData/577d7af7-4e20-4459-b45d-21ac0a00005c/img/86a26250-2b59-013e-1104-0a58a9feac02/035882_T_OKARUTOMANIA.jpg,340000
オカルトマニア(181/171)PSA,ポケカ,PSA鑑定品,https://cdn.peraichi.com/userData/577d7af7-4e20-4459-b45d-21ac0a00005c/img/52e4a600-318e-013e-6f03-0a58a9feac02/original.jpg,510000
カリン(183/171),ポケカ,SR,https://cdn.peraichi.com/userData/577d7af7-4e20-4459-b45d-21ac0a00005c/img/97bcebb0-2b59-013e-110f-0a58a9feac02/035884_T_KARIN.jpg,130000
カリン(183/171)PSA,ポケカ,PSA鑑定品,https://cdn.peraichi.com/userData/577d7af7-4e20-4459-b45d-21ac0a00005c/img/52e6cad0-318e-013e-6f07-0a58a9feac02/original.jpg,170000
ギャラドスごっこピカチュウ(151/XY-P),ポケカ,プロモ,https://cdn.peraichi.com/userData/577d7af7-4e20-4459-b45d-21ac0a00005c/img/1bd54eb0-2a6a-013e-4575-0a58a9feac02/031163_P_GYARADOSUGOKKOPIKACHUU.jpg,550000
ギラティナV【SA】(111/100),ポケカ,SR,https://cdn.peraichi.com/userData/577d7af7-4e20-4459-b45d-21ac0a00005c/img/b4dbd970-2b2e-013e-4c71-0a58a9feac02/042086_P_GIRATEINAV.jpg,95000
クレイバースト,ポケカ,未開封BOX,https://cdn.peraichi.com/userData/577d7af7-4e20-4459-b45d-21ac0a00005c/img/99e1ffd0-31ad-013e-563c-0a58a9feac02/kurei.jpg,6000
ゲンガー&ミミッキュGX【SA】(103/095),ポケカ,SR,https://cdn.peraichi.com/userData/577d7af7-4e20-4459-b45d-21ac0a00005c/img/a50a2c30-2b59-013e-1117-0a58a9feac02/036208_P_GENGAMIMIKKYUGX.jpg,85000
ゲンガー&ミミッキュGX【SA】(103/095)PSA,ポケカ,PSA鑑定品,https://cdn.peraichi.com/userData/577d7af7-4e20-4459-b45d-21ac0a00005c/img/52e58a80-318e-013e-6f04-0a58a9feac02/original.jpg,180000
ゲンガーVMAX(020/019 )PSA,ポケカ,PSA鑑定品,https://cdn.peraichi.com/userData/577d7af7-4e20-4459-b45d-21ac0a00005c/img/52e2cad0-318e-013e-6f01-0a58a9feac02/gen.jpg,160000
コイキングごっこピカチュウ(150/XY-P),ポケカ,プロモ,https://cdn.peraichi.com/userData/577d7af7-4e20-4459-b45d-21ac0a00005c/img/1bd2c7d0-2a6a-013e-4574-0a58a9feac02/031162_P_KOIKINGUGOKKOPIKACHUU.jpg,550000
コダック(286/SM-P),ポケカ,プロモ,https://cdn.peraichi.com/userData/577d7af7-4e20-4459-b45d-21ac0a00005c/img/86c007f0-2b59-013e-1108-0a58a9feac02/035892_P_KODAKKU.jpg,90000
サーナイト&ニンフィアGX【SA】(061/055),ポケカ,SR,https://cdn.peraichi.com/userData/577d7af7-4e20-4459-b45d-21ac0a00005c/img/97bd6ef0-2b59-013e-1111-0a58a9feac02/036317_P_SANAITONINFIAGX.jpg,47000
サカキの計画(277/XY-P),ポケカ,プロモ,https://cdn.peraichi.com/userData/577d7af7-4e20-4459-b45d-21ac0a00005c/img/86c0d890-2b59-013e-1109-0a58a9feac02/032336_T_SAKAKINOKEIKAKU.jpg,550000
サナ(185/171 )PSA,ポケカ,PSA鑑定品,https://cdn.peraichi.com/userData/577d7af7-4e20-4459-b45d-21ac0a00005c/img/52e6a050-318e-013e-6f06-0a58a9feac02/original.jpg,380000
サンダースVMAX【SA】(188/S-P),ポケカ,プロモ,https://cdn.peraichi.com/userData/577d7af7-4e20-4459-b45d-21ac0a00005c/img/86a054c0-2b59-013e-1100-0a58a9feac02/039912_P_SANDASUVMAX.jpg,400000
ジャローダV(084/068),ポケカ,CSR,https://cdn.peraichi.com/userData/577d7af7-4e20-4459-b45d-21ac0a00005c/img/86e46570-2a69-013e-d713-0a58a9feac02/042206_P_JIXYARODAV.jpg,3000
シャワーズVMAX【SA】(187/S-P),ポケカ,プロモ,https://cdn.peraichi.com/userData/577d7af7-4e20-4459-b45d-21ac0a00005c/img/86a18f00-2b59-013e-1102-0a58a9feac02/039911_P_SHAWAZUVMAX.jpg,400000
スカル団ごっこピカチュウ(013/SM-P),ポケカ,プロモ,https://cdn.peraichi.com/userData/577d7af7-4e20-4459-b45d-21ac0a00005c/img/1bcf9610-2a6a-013e-4573-0a58a9feac02/033288_P_SUKARUDANGOKKOPIKACHUU.jpg,550000
スターミーV(083/067),ポケカ,CSR,https://cdn.peraichi.com/userData/577d7af7-4e20-4459-b45d-21ac0a00005c/img/86e42fc0-2a69-013e-d712-0a58a9feac02/041511_P_SUTAMIV.jpg,12000
スペシャルBOX ポケモンセンターカナザワオープン記念,ポケカ,未開封BOX,https://cdn.peraichi.com/userData/577d7af7-4e20-4459-b45d-21ac0a00005c/img/5fd1bff0-31a9-013e-c037-0a58a9feac02/kanazawa.jpg,30000
スペシャルBOX ポケモンセンターヨコハマ,ポケカ,未開封BOX,https://cdn.peraichi.com/userData/577d7af7-4e20-4459-b45d-21ac0a00005c/img/5fd58950-31a9-013e-c039-0a58a9feac02/yokohama.jpg,80000
ソルガレオ&ルナアーラGX【SA】(063/049),ポケカ,SR,https://cdn.peraichi.com/userData/577d7af7-4e20-4459-b45d-21ac0a00005c/img/97bb7440-2b59-013e-110d-0a58a9feac02/037173_P_SORUGAREORUNAARAGX.jpg,47000
トゲピー&ピィ&ププリンGX【SA】(186/173),ポケカ,SR,https://cdn.peraichi.com/userData/577d7af7-4e20-4459-b45d-21ac0a00005c/img/97b94fd0-2b59-013e-110c-0a58a9feac02/037454_P_TOGEPIPIIPUPURINGX.jpg,32000
ナンジャモ(091/071),ポケカ,SR,https://cdn.peraichi.com/userData/577d7af7-4e20-4459-b45d-21ac0a00005c/img/58ae6d70-2a69-013e-dda1-0a58a9feac02/043659_T_NANJIXYAMO.jpg,8500
ナンジャモ(096/071),ポケカ,SAR,https://cdn.peraichi.com/userData/577d7af7-4e20-4459-b45d-21ac0a00005c/img/58b06330-2a69-013e-dda2-0a58a9feac02/043664_T_NANJIXYAMO.jpg,50000
ナンジャモ(350/190),ポケカ,SAR,https://cdn.peraichi.com/userData/577d7af7-4e20-4459-b45d-21ac0a00005c/img/58b18660-2a69-013e-dda3-0a58a9feac02/045136_T_NANJIXYAMO.jpg,11000
ナンジャモのハラバリーex(125/100),ポケカ,SAR,https://cdn.peraichi.com/userData/577d7af7-4e20-4459-b45d-21ac0a00005c/img/58b1b220-2a69-013e-41fb-0a58a9feac02/047245_P_NANJIXYAMONOHARABARIEX.jpg,10000
ニンフィアVMAX(232/184),ポケカ,CSR,https://cdn.peraichi.com/userData/577d7af7-4e20-4459-b45d-21ac0a00005c/img/86e3c170-2a69-013e-d710-0a58a9feac02/041060_P_NINFUIAVMAX.jpg,4500
ハイパーボール(126/100),ポケカ,UR,https://cdn.peraichi.com/userData/577d7af7-4e20-4459-b45d-21ac0a00005c/img/a1203430-2a69-013e-d71b-0a58a9feac02/044861_T_HAIPABORU.jpg,6500
ピカチュウ＆ゼクロムGX 【SA】(101/095),ポケカ,SR,https://cdn.peraichi.com/userData/577d7af7-4e20-4459-b45d-21ac0a00005c/img/f30b68c0-2a69-013e-eba9-0a58a9feac02/036206_P_PIKACHUUZEKUROMUGX.jpg,110000
ピカチュウ＆ゼクロムGX 【SA】(101/095)PSA,ポケカ,PSA鑑定品,https://cdn.peraichi.com/userData/577d7af7-4e20-4459-b45d-21ac0a00005c/img/52e5b8f0-318e-013e-6f05-0a58a9feac02/original.jpg,330000
ピカチュウ＆ゼクロムGX(100/095),ポケカ,SR,https://cdn.peraichi.com/userData/577d7af7-4e20-4459-b45d-21ac0a00005c/img/f30f23a0-2a69-013e-4569-0a58a9feac02/036205_P_PIKACHUUZEKUROMUGX.jpg,6700
ピカチュウ(208/S-P),ポケカ,プロモ,https://cdn.peraichi.com/userData/577d7af7-4e20-4459-b45d-21ac0a00005c/img/f30d3f30-2a69-013e-ebab-0a58a9feac02/039914_P_PIKACHUU.jpg,8300
ピカチュウ(227/S-P),ポケカ,プロモ,https://cdn.peraichi.com/userData/577d7af7-4e20-4459-b45d-21ac0a00005c/img/f30cb190-2a69-013e-ebaa-0a58a9feac02/039954_P_PIKACHUU.jpg,95000
ピカチュウ(279/XY-P),ポケカ,プロモ,https://cdn.peraichi.com/userData/577d7af7-4e20-4459-b45d-21ac0a00005c/img/1fbbf140-2b87-013e-8736-0a58a9feac02/032387_P_PIKACHUU.jpg,1300000
ピカチュウ(288/SM-P),ポケカ,プロモ,https://cdn.peraichi.com/userData/577d7af7-4e20-4459-b45d-21ac0a00005c/img/f30f0a40-2a69-013e-ebad-0a58a9feac02/035894_P_PIKACHUU.jpg,450000
ピカチュウ(400/SM-P),ポケカ,SR,https://cdn.peraichi.com/userData/577d7af7-4e20-4459-b45d-21ac0a00005c/img/c83fbe40-2a6d-013e-45f9-0a58a9feac02/037439_P_PIKACHUU.jpg,130000
ピカチュウEX(094/087),ポケカ,SR,https://cdn.peraichi.com/userData/577d7af7-4e20-4459-b45d-21ac0a00005c/img/f30f5b80-2a69-013e-456a-0a58a9feac02/035866_P_PIKACHUUEX.jpg,250000
ピカチュウV(001/015),ポケカ,プロモ,https://cdn.peraichi.com/userData/577d7af7-4e20-4459-b45d-21ac0a00005c/img/f30e1d30-2a69-013e-ebac-0a58a9feac02/041664_P_PIKACHIXYUUV.jpg,42000
ピカチュウVMAX(223/184),ポケカ,CSR,https://cdn.peraichi.com/userData/577d7af7-4e20-4459-b45d-21ac0a00005c/img/87032ae0-2a69-013e-d715-0a58a9feac02/041054_P_PIKACHIXYUUVMAX.jpg,9000
ファイヤー&サンダー&フリーザー【SA】(060/054),ポケカ,SR,https://cdn.peraichi.com/userData/577d7af7-4e20-4459-b45d-21ac0a00005c/img/a507f780-2b59-013e-1114-0a58a9feac02/036878_P_FAIYASANDAFURIZAGX.jpg,77000
ブースターVMAX【SA】(186/S-P),ポケカ,プロモ,https://cdn.peraichi.com/userData/577d7af7-4e20-4459-b45d-21ac0a00005c/img/86a3ddd0-2b59-013e-1107-0a58a9feac02/039910_P_BUSUTAVMAX.jpg,300000
フウロ(164/XY-P),ポケカ,プロモ,https://cdn.peraichi.com/userData/577d7af7-4e20-4459-b45d-21ac0a00005c/img/a50b0910-2b59-013e-111a-0a58a9feac02/031466_T_FUURO.jpg,55000
ブラッキー&ダークライGX(182/173),ポケカ,SR,https://cdn.peraichi.com/userData/577d7af7-4e20-4459-b45d-21ac0a00005c/img/c0338800-2b2e-013e-4c75-0a58a9feac02/037450_P_BURAKKIDAKURAIGX.jpg,70000
ブラッキーex(217/187),ポケカ,SAR,https://cdn.peraichi.com/userData/577d7af7-4e20-4459-b45d-21ac0a00005c/img/c02d1800-2b2e-013e-4c74-0a58a9feac02/047138_P_BURAKKIEX.jpg,32000
ブラッキーV(244/184),ポケカ,CSR,https://cdn.peraichi.com/userData/577d7af7-4e20-4459-b45d-21ac0a00005c/img/86e15000-2a69-013e-4206-0a58a9feac02/041072_P_BURAKKIV.jpg,3000
ブラッキーVMAX(245/184),ポケカ,CSR,https://cdn.peraichi.com/userData/577d7af7-4e20-4459-b45d-21ac0a00005c/img/87035e40-2a69-013e-d714-0a58a9feac02/041073_P_BURAKKIVMAX.jpg,7500
ポケモンカード151,ポケカ,未開封BOX,https://cdn.peraichi.com/userData/577d7af7-4e20-4459-b45d-21ac0a00005c/img/99e43c90-31ad-013e-563e-0a58a9feac02/151.jpg,6000
ポケモンカードゲーム Classic,ポケカ,未開封BOX,https://cdn.peraichi.com/userData/577d7af7-4e20-4459-b45d-21ac0a00005c/img/5fd5b3b0-31a9-013e-c03a-0a58a9feac02/original.jpg,100000
ポケモンワールドチャンピオンシップス2023横浜 記念,ポケカ,未開封BOX,https://cdn.peraichi.com/userData/577d7af7-4e20-4459-b45d-21ac0a00005c/img/5fd37300-31a9-013e-c038-0a58a9feac02/WCS.jpg,30000
ポンチョを着たピカチュウ(037/SM-P),ポケカ,プロモ,https://cdn.peraichi.com/userData/577d7af7-4e20-4459-b45d-21ac0a00005c/img/b4127690-2a6c-013e-45cd-0a58a9feac02/033400_P_PONCHOWOKITAPIKACHUU.jpg,70000
ポンチョを着たピカチュウ(038/SM-P),ポケカ,プロモ,https://cdn.peraichi.com/userData/577d7af7-4e20-4459-b45d-21ac0a00005c/img/b41521c0-2a6c-013e-45ce-0a58a9feac02/033401_P_PONCHOWOKITAPIKACHUU.jpg,70000
ポンチョを着たピカチュウ(207/XY-P),ポケカ,プロモ,https://cdn.peraichi.com/userData/577d7af7-4e20-4459-b45d-21ac0a00005c/img/1bf5b5a0-2a6a-013e-4579-0a58a9feac02/031640_P_PONCHOWOKITAPIKACHUU.jpg,950000
ポンチョを着たピカチュウ(208/XY-P),ポケカ,プロモ,https://cdn.peraichi.com/userData/577d7af7-4e20-4459-b45d-21ac0a00005c/img/1bd60f60-2a6a-013e-4577-0a58a9feac02/031641_P_PONCHOWOKITAPIKACHUU.jpg,700000
ポンチョを着たピカチュウ(230/XY-P),ポケカ,プロモ,https://cdn.peraichi.com/userData/577d7af7-4e20-4459-b45d-21ac0a00005c/img/1bd67bb0-2a6a-013e-4578-0a58a9feac02/032191_P_PONCHOWOKITAPIKACHUU.jpg,550000
ポンチョを着たピカチュウ(231/XY-P),ポケカ,プロモ,https://cdn.peraichi.com/userData/577d7af7-4e20-4459-b45d-21ac0a00005c/img/1bd5e050-2a6a-013e-4576-0a58a9feac02/032192_P_PONCHOWOKITAPIKACHUU.jpg,550000
ポンチョを着たピカチュウ(274/XY-P),ポケカ,プロモ,https://cdn.peraichi.com/userData/577d7af7-4e20-4459-b45d-21ac0a00005c/img/e3aa4a80-2a6c-013e-45d4-0a58a9feac02/032310_P_PONCHOWOKITAPIKACHUU.jpg,210000
ポンチョを着たピカチュウ(275/XY-P),ポケカ,プロモ,https://cdn.peraichi.com/userData/577d7af7-4e20-4459-b45d-21ac0a00005c/img/e3aa7b60-2a6c-013e-45d5-0a58a9feac02/032311_P_PONCHOWOKITAPIKACHUU.jpg,210000
マリオピカチュウ(293/XY-P),ポケカ,プロモ,https://cdn.peraichi.com/userData/577d7af7-4e20-4459-b45d-21ac0a00005c/img/0ab690d0-2a6c-013e-45b5-0a58a9feac02/032348_P_MARIOPIKACHUU.jpg,300000
マリオピカチュウ(294/XY-P),ポケカ,プロモ,https://cdn.peraichi.com/userData/577d7af7-4e20-4459-b45d-21ac0a00005c/img/0ab5a350-2a6c-013e-45b3-0a58a9feac02/032349_P_MARIOPIKACHUU.jpg,950000
ミミッキュ(289/SM-P),ポケカ,プロモ,https://cdn.peraichi.com/userData/577d7af7-4e20-4459-b45d-21ac0a00005c/img/86a36380-2b59-013e-1106-0a58a9feac02/035895_P_MIMIKKYU.jpg,480000
ミミッキュVMAX(234/184),ポケカ,CSR,https://cdn.peraichi.com/userData/577d7af7-4e20-4459-b45d-21ac0a00005c/img/86e012c0-2a69-013e-4205-0a58a9feac02/041062_P_MIMIKKIXYUVMAX.jpg,4500
ミュウツー&ミュウGX【SA】(098/094),ポケカ,SR,https://cdn.peraichi.com/userData/577d7af7-4e20-4459-b45d-21ac0a00005c/img/a508f9f0-2b59-013e-1116-0a58a9feac02/036978_P_MYUUTSUMYUUGX.jpg,80000
ミュウツーGX(363/SM-P),ポケカ,プロモ,https://cdn.peraichi.com/userData/577d7af7-4e20-4459-b45d-21ac0a00005c/img/87369ed0-2b87-013e-8737-0a58a9feac02/036996_P_MYUUTSUGX.jpg,145000
ミュウツーGX(364/SM-P),ポケカ,プロモ,https://cdn.peraichi.com/userData/577d7af7-4e20-4459-b45d-21ac0a00005c/img/8736cdd0-2b87-013e-8738-0a58a9feac02/036997_P_MYUUTSUGX.jpg,1100000
メガトウキョーのピカチュウ(098/XY-P),ポケカ,プロモ,https://cdn.peraichi.com/userData/577d7af7-4e20-4459-b45d-21ac0a00005c/img/ab91dee0-2a6d-013e-45f7-0a58a9feac02/030810_P_MEGATOUKYONOPIKACHUU.jpg,75000
メガトウキョーのピカチュウ(204/XY-P),ポケカ,プロモ,https://cdn.peraichi.com/userData/577d7af7-4e20-4459-b45d-21ac0a00005c/img/07aab370-2b86-013e-8731-0a58a9feac02/031639_P_MEGATOUKYONOPIKACHUU.jpg,500000
ラティアス&ラティオス【SA】(105/095),ポケカ,SR,https://cdn.peraichi.com/userData/577d7af7-4e20-4459-b45d-21ac0a00005c/img/b4b9fee0-2b2e-013e-4c68-0a58a9feac02/036210_P_RATEIASURATEIOSUGX.jpg,180000
ラティアス&ラティオス【SA】(105/095)PSA,ポケカ,PSA鑑定品,https://cdn.peraichi.com/userData/577d7af7-4e20-4459-b45d-21ac0a00005c/img/52e21170-318e-013e-6f00-0a58a9feac02/original.jpg,270000
リーリエ(066/060),ポケカ,SR,https://cdn.peraichi.com/userData/577d7af7-4e20-4459-b45d-21ac0a00005c/img/910512b0-2a6d-013e-45f2-0a58a9feac02/035622_T_RIRIE.jpg,400000
リーリエ(119/114),ポケカ,SR,https://cdn.peraichi.com/userData/577d7af7-4e20-4459-b45d-21ac0a00005c/img/9103b140-2a6d-013e-45f1-0a58a9feac02/035679_T_RIRIE.jpg,700000
リーリエ(397/SM-P),ポケカ,プロモ,https://cdn.peraichi.com/userData/577d7af7-4e20-4459-b45d-21ac0a00005c/img/91062dd0-2a6d-013e-45f3-0a58a9feac02/037193_T_RIRIE.jpg,3500000
リーリエのピッピex(126/100),ポケカ,SAR,https://cdn.peraichi.com/userData/577d7af7-4e20-4459-b45d-21ac0a00005c/img/3ae31580-2a6d-013e-45e4-0a58a9feac02/047246_P_RIRIENOPIPPIEX.jpg,20000
リーリエの全力(068/049),ポケカ,SR,https://cdn.peraichi.com/userData/577d7af7-4e20-4459-b45d-21ac0a00005c/img/3ae017b0-2a6d-013e-45e3-0a58a9feac02/037178_T_RIRIENOZENRYOKU.jpg,47000
リザードンEX(276/XY-P),ポケカ,プロモ,https://cdn.peraichi.com/userData/577d7af7-4e20-4459-b45d-21ac0a00005c/img/db3f4330-2b86-013e-8734-0a58a9feac02/032317_P_RIZADONEX.jpg,280000
ルイージピカチュウ(295/XY-P),ポケカ,プロモ,https://cdn.peraichi.com/userData/577d7af7-4e20-4459-b45d-21ac0a00005c/img/0ab75b10-2a6c-013e-45b6-0a58a9feac02/032350_P_RUIJIPIKACHUU.jpg,220000
ルイージピカチュウ(296/XY-P),ポケカ,プロモ,https://cdn.peraichi.com/userData/577d7af7-4e20-4459-b45d-21ac0a00005c/img/0ab5d850-2a6c-013e-45b4-0a58a9feac02/032351_P_RUIJIPIKACHUU.jpg,650000
ルギアV【SA】(110/098),ポケカ,SR,https://cdn.peraichi.com/userData/577d7af7-4e20-4459-b45d-21ac0a00005c/img/a50a8730-2b59-013e-1119-0a58a9feac02/042542_P_RUGIAV.jpg,53000
ルザミーネ(055/050),ポケカ,SR,https://cdn.peraichi.com/userData/577d7af7-4e20-4459-b45d-21ac0a00005c/img/86a0c300-2b59-013e-1101-0a58a9feac02/035674_T_RUZAMINE.jpg,120000
ルザミーネ(120/114),ポケカ,SR,https://cdn.peraichi.com/userData/577d7af7-4e20-4459-b45d-21ac0a00005c/img/86a1e7a0-2b59-013e-1103-0a58a9feac02/035680_T_RUZAMINE.jpg,120000
レシラム&リザードンGX【SA】(097/095),ポケカ,SR,https://cdn.peraichi.com/userData/577d7af7-4e20-4459-b45d-21ac0a00005c/img/a50a5aa0-2b59-013e-1118-0a58a9feac02/036645_P_RESHIRAMURIZADONGX.jpg,70000
レックウザV【SA】(076/067),ポケカ,SR,https://cdn.peraichi.com/userData/577d7af7-4e20-4459-b45d-21ac0a00005c/img/b4be1c90-2b2e-013e-4c6c-0a58a9feac02/039945_P_REKKUUZAV.jpg,45000
レックウザVMAX(252/184),ポケカ,CSR,https://cdn.peraichi.com/userData/577d7af7-4e20-4459-b45d-21ac0a00005c/img/b4bef640-2b2e-013e-4c6d-0a58a9feac02/041080_P_REKKUUZAVMAX.jpg,4000
ロイヤルマスク(085/SM-P),ポケカ,プロモ,https://cdn.peraichi.com/userData/577d7af7-4e20-4459-b45d-21ac0a00005c/img/b4bcd0f0-2b2e-013e-4c6a-0a58a9feac02/034074_T_ROIYARUMASUKU.jpg,3800000
ロケット団の栄光,ポケカ,未開封BOX,https://cdn.peraichi.com/userData/577d7af7-4e20-4459-b45d-21ac0a00005c/img/99e49350-31ad-013e-563f-0a58a9feac02/roket.jpg,6000
ロケット団参上！(278/XY-P),ポケカ,プロモ,https://cdn.peraichi.com/userData/577d7af7-4e20-4459-b45d-21ac0a00005c/img/b4bca000-2b2e-013e-4c69-0a58a9feac02/032337_T_ROKETTODANSANJOU.jpg,550000
伝説の鼓動 ポケモンカードジムセット,ポケカ,未開封BOX,https://cdn.peraichi.com/userData/577d7af7-4e20-4459-b45d-21ac0a00005c/img/5fd6f2e0-31a9-013e-c03b-0a58a9feac02/kodou.jpg,80000
熱風のアリーナ,ポケカ,未開封BOX,https://cdn.peraichi.com/userData/577d7af7-4e20-4459-b45d-21ac0a00005c/img/99e2e660-31ad-013e-563d-0a58a9feac02/arina.jpg,6000
